INSERT INTO `book` (`id`, `user_id`, `title`, `price_type`, `price`, `synopsis`, `acquisition`, `cover`, `published_at`,
                    `status`, `character_count`, `is_deleted`, `created_at`, `updated_at`)
VALUES (1, 1, '一生好好記憶', 2, 500.00, '', '', '', NULL, 1, 0, 0, '2022-04-06 07:12:56', '2022-04-06 07:12:56');

INSERT INTO `book_category`(`id`, `name`, `parent_id`, `rank`, `is_visible`, `is_deleted`, `created_at`,
                            `updated_at`)
VALUES (1, '商業智慧', null, '0|hzzzzz:', 1, 0, '2022-04-06 07:12:56', '2022-04-06 07:13:19'),
       (2, '文學小說', null, '0|i00007:', 1, 0, '2022-04-06 07:12:56', '2022-04-06 07:13:19'),
       (3, '領導管理', 1, '0|i0000f:', 1, 0, '2022-04-06 07:12:56', '2022-04-06 07:13:19');


INSERT INTO `chapter` (`id`, `book_id`, `title`, `rank`, `is_deleted`, `created_at`, `updated_at`)
VALUES (1, 1, '第一部：我們如何記憶', '0|hzzzzz:', 0, '2022-05-18 19:24:54', '2022-05-18 19:24:54'),
       (2, 1, '第二部 提升與修復記憶', '0|i00007:', 0, '2022-05-18 19:24:54', '2022-05-18 19:24:54'),
       (3, 1, '第三部 提升與修復記憶', '0|i0000f:', 0, '2022-05-18 19:24:54', '2022-05-18 19:24:54');


INSERT INTO `page` (`id`, `chapter_id`, `book_id`, `user_id`, `title`, `description`, `body`, `character_count`, `rank`,
                    `is_deleted`, `created_at`, `updated_at`)
VALUES (4, 1, 1, 1, '1. 記憶如何形成', '', NULL, 0, '0|hzzzzz:', 0, '2022-05-18 19:25:48', '2022-05-18 19:25:48'),
       (5, 1, 1, 1, '2. 有注意力，才能記憶', '', NULL, 0, '0|i00007:', 0, '2022-05-18 19:25:48', '2022-05-18 19:25:48'),
       (6, 1, 1, 1, '3. 工作記憶，十五秒的記憶快照', '', NULL, 0, '0|i0000f:', 0, '2022-05-18 19:25:48', '2022-05-18 19:25:48'),
       (7, 1, 1, 1, '4. 肌肉記憶，數十年都不會忘', '', NULL, 0, '0|i0000n:', 0, '2022-05-18 19:25:48', '2022-05-18 19:25:48'),
       (8, 1, 1, 1, '4. 肌肉記憶，數十年都不會忘', '', NULL, 0, '0|i0000v:', 0, '2022-05-18 19:25:48', '2022-05-18 19:25:48'),
       (9, 1, 1, 1, '5. 語意記憶，大腦的知識資料庫', '', NULL, 0, '0|i00013:', 0, '2022-05-18 19:25:48', '2022-05-18 19:25:48'),
       (10, 1, 1, 1, '6. 情節記憶，還記得那次假期嗎？', '', NULL, 0, '0|i0001b:', 0, '2022-05-18 19:25:48', '2022-05-18 19:25:48'),
       (11, 2, 1, 1, '7. 記憶會一直改變，不斷更新', '', NULL, 0, '0|i0001j:', 0, '2022-05-18 19:25:48', '2022-05-18 19:27:14'),
       (12, 2, 1, 1, '8. 話到嘴邊卻想不起來', '', NULL, 0, '0|i0001r:', 0, '2022-05-18 19:25:48', '2022-05-18 19:27:15'),
       (13, 2, 1, 1, '9. 待辦事項最容易忘，善用提醒工具', '', NULL, 0, '0|i0001z:', 0, '2022-05-18 19:25:48', '2022-05-18 19:27:16'),
       (14, 2, 1, 1, '10. 對抗遺忘二部曲：重複練習，賦予意義', '', NULL, 0, '0|i00027:', 0, '2022-05-18 19:25:49',
        '2022-05-18 19:27:17'),
       (15, 2, 1, 1, '11. 會忘記，大腦才能正常運作', '', NULL, 0, '0|i0002f:', 0, '2022-05-18 19:25:49', '2022-05-18 19:27:18'),
       (16, 2, 1, 1, '12. 身體會老，記憶也會正常衰退', '', NULL, 0, '0|i0002n:', 0, '2022-05-18 19:25:49', '2022-05-18 19:27:19'),
       (17, 3, 1, 1, '13. 認識阿茲海默症', '', NULL, 0, '0|i0002v:', 0, '2022-05-18 19:25:49', '2022-05-18 19:27:21'),
       (18, 3, 1, 1, '14. 靠情境幫助記憶', '', NULL, 0, '0|i00033:', 0, '2022-05-18 19:25:49', '2022-05-18 19:27:21'),
       (19, 3, 1, 1, '15. 慢性壓力是記憶殺手', '', NULL, 0, '0|i0003b:', 0, '2022-05-18 19:25:49', '2022-05-18 19:27:22'),
       (20, 3, 1, 1, '16. 睡眠不足，記憶力會快速衰退', '', NULL, 0, '0|i0003j:', 0, '2022-05-18 19:25:49', '2022-05-18 19:27:23'),
       (21, 3, 1, 1, '17. 預防阿茲海默症的生活習慣', '', NULL, 0, '0|i0003r:', 0, '2022-05-18 19:25:49', '2022-05-18 19:27:24'),
       (22, 3, 1, 1, '18. 認真看待記憶，也要記得放輕鬆', '', NULL, 0, '0|i0003z:', 0, '2022-05-18 19:25:49', '2022-05-18 19:27:26');


INSERT INTO `user` (`id`, `name`, `uid`, `password`, `email`, `avatar`, `short_bio`, `full_bio`, `birthday`,
                    `is_author`, `twitter`, `github`, `linkedin`, `facebook`, `is_blocked`, `is_deleted`, `created_at`,
                    `updated_at`)
VALUES (1, 'nelsonli', 'abcd654321@gmail.com', '$2a$10$JyW/MLp3Eit8qt8ROwgEbeOfF7VFzxSOXfzzvrUIMfk1/OymbH3PW',
        'abcd654321@gmail.com', '', '', '', NULL, 1, '', '', '', '', 0, 0, '2022-04-06 07:07:21',
        '2022-04-06 07:07:39');
