INSERT INTO `book` (`id`, `user_id`, `title`, `price_type`, `price`, `synopsis`, `acquisition`, `cover`, `published_at`,
                    `status`, `character_count`, `is_deleted`, `created_at`, `updated_at`)
VALUES (1, 1, '一生好好記憶', 2, 500.00, '', '', '', NULL, 1, 0, 0, '2022-04-06 07:12:56', '2022-04-06 07:12:56');

INSERT INTO `book_category`(`id`, `name`, `sort_position`, `parent_id`, `is_visible`, `is_deleted`, `created_at`,
                            `updated_at`)
VALUES (1, '商業智慧', 1, null, 1, 0, '2022-04-06 07:12:56', '2022-04-06 07:13:19'),
       (2, '文學小說', 2, null, 1, 0, '2022-04-06 07:12:56', '2022-04-06 07:13:19'),
       (3, '領導管理', 1, 1, 1, 0, '2022-04-06 07:12:56', '2022-04-06 07:13:19');


INSERT INTO `chapter` (`id`, `book_id`, `title`, `sort_position`, `is_deleted`, `created_at`, `updated_at`)
VALUES (1, 1, '第一部：我們如何記憶', 1, 0, '2022-04-06 07:12:56', '2022-04-06 07:13:19'),
       (2, 1, '第二部 提升與修復記憶', 2, 0, '2022-04-06 07:16:57', '2022-04-06 07:16:57'),
       (3, 1, '第三部 提升與修復記憶', 3, 0, '2022-04-06 07:17:29', '2022-04-06 07:17:29');

INSERT INTO `page` (`id`, `chapter_id`, `book_id`, `user_id`, `title`, `body`, `character_count`, `sort_position`,
                    `is_deleted`, `created_at`, `updated_at`)
VALUES (1, 1, 1, 1, '1. 記憶如何形成',
        null,
        7, 1, 0, '2022-04-06 07:12:56', '2022-04-06 07:33:23'),
       (2, 1, 1, 1, '2. 有注意力，才能記憶',
        null,
        0, 2, 0, '2022-04-06 07:27:32', '2022-04-06 07:33:21'),
       (3, 1, 1, 1, '3. 工作記憶，十五秒的記憶快照',
        null,
        0, 3, 0, '2022-04-06 07:28:14', '2022-04-06 07:33:25'),
       (4, 1, 1, 1, '4. 肌肉記憶，數十年都不會忘',
        null,
        0, 4, 0, '2022-04-06 07:28:44', '2022-04-06 07:33:27'),
       (5, 1, 1, 1, '5. 語意記憶，大腦的知識資料庫',
        null,
        0, 5, 0, '2022-04-06 07:28:53', '2022-04-06 07:33:28'),
       (6, 1, 1, 1, '6. 情節記憶，還記得那次假期嗎？',
        null,
        0, 6, 0, '2022-04-06 07:29:04', '2022-04-06 07:33:30'),
       (7, 2, 1, 1, '7. 記憶會一直改變，不斷更新',
        null,
        0, 7, 0, '2022-04-06 07:29:45', '2022-04-06 07:33:32'),
       (8, 2, 1, 1, '8. 話到嘴邊卻想不起來',
        null,
        0, 8, 0, '2022-04-06 07:29:54', '2022-04-06 07:33:33'),
       (9, 2, 1, 1, '9. 待辦事項最容易忘，善用提醒工具',
        null,
        0, 9, 0, '2022-04-06 07:30:04', '2022-04-06 07:33:35'),
       (10, 2, 1, 1, '10. 對抗遺忘二部曲：重複練習，賦予意義',
        null,
        0, 10, 0, '2022-04-06 07:30:13', '2022-04-06 07:33:37'),
       (11, 2, 1, 1, '11. 會忘記，大腦才能正常運作',
        null,
        0, 11, 0, '2022-04-06 07:30:23', '2022-04-06 07:33:38'),
       (12, 2, 1, 1, '12. 身體會老，記憶也會正常衰退',
        null,
        0, 12, 0, '2022-04-06 07:30:32', '2022-04-06 07:33:39'),
       (13, 2, 1, 1, '13. 認識阿茲海默症',
        null,
        0, 13, 0, '2022-04-06 07:30:43', '2022-04-06 07:33:41'),
       (14, 3, 1, 1, '14. 靠情境幫助記憶',
        null,
        0, 14, 0, '2022-04-06 07:31:04', '2022-04-06 07:33:43'),
       (15, 3, 1, 1, '15. 慢性壓力是記憶殺手',
        null,
        0, 15, 0, '2022-04-06 07:31:16', '2022-04-06 07:33:44'),
       (16, 3, 1, 1, '16. 睡眠不足，記憶力會快速衰退',
        null,
        0, 16, 0, '2022-04-06 07:31:25', '2022-04-06 07:33:45'),
       (17, 3, 1, 1, '17. 預防阿茲海默症的生活習慣',
        null,
        0, 17, 0, '2022-04-06 07:31:36', '2022-04-06 07:33:47'),
       (18, 3, 1, 1, '18. 認真看待記憶，也要記得放輕鬆',
        null,
        0, 18, 0, '2022-04-06 07:31:48', '2022-04-06 07:33:48');

INSERT INTO `user` (`id`, `name`, `uid`, `password`, `email`, `avatar`, `short_bio`, `full_bio`, `birthday`,
                    `is_author`, `twitter`, `github`, `linkedin`, `facebook`, `is_blocked`, `is_deleted`, `created_at`,
                    `updated_at`)
VALUES (1, 'nelsonli', 'abcd654321@gmail.com', '$2a$10$JyW/MLp3Eit8qt8ROwgEbeOfF7VFzxSOXfzzvrUIMfk1/OymbH3PW',
        'abcd654321@gmail.com', '', '', '', NULL, 1, '', '', '', '', 0, 0, '2022-04-06 07:07:21',
        '2022-04-06 07:07:39');
